{
  "hash": "2ce3ddda",
  "configHash": "210031d3",
  "lockfileHash": "45667876",
  "browserHash": "8df699f0",
  "optimized": {
    "@angular/core": {
      "src": "../../../../../../node_modules/@angular/core/fesm2022/core.mjs",
      "file": "@angular_core.js",
      "fileHash": "5e728d06",
      "needsInterop": false
    },
    "@angular/platform-browser": {
      "src": "../../../../../../node_modules/@angular/platform-browser/fesm2022/platform-browser.mjs",
      "file": "@angular_platform-browser.js",
      "fileHash": "d4511d1f",
      "needsInterop": false
    },
    "@angular/router": {
      "src": "../../../../../../node_modules/@angular/router/fesm2022/router.mjs",
      "file": "@angular_router.js",
      "fileHash": "5570747f",
      "needsInterop": false
    },
    "@angular/common": {
      "src": "../../../../../../node_modules/@angular/common/fesm2022/common.mjs",
      "file": "@angular_common.js",
      "fileHash": "c72ea1ad",
      "needsInterop": false
    }
  },
  "chunks": {
    "chunk-6I26TVE5": {
      "file": "chunk-6I26TVE5.js"
    },
    "chunk-B235GXZU": {
      "file": "chunk-B235GXZU.js"
    },
    "chunk-YJFJI4Y6": {
      "file": "chunk-YJFJI4Y6.js"
    }
  }
}